"0.800597","0.199403",1
"0.991532","0.008468",4
"0.242619","0.757381",25
"1.000000","0.000000",12
"0.007769","0.992231",10
"0.000098","0.999902",10
"0.999986","0.000014",27
"0.009044","0.990956",22
"0.977637","0.022363",12
"0.995473","0.004527",4
"0.999969","0.000031",2
"0.518401","0.481599",2
"0.518401","0.481599",2
"0.518401","0.481599",2
"0.999935","0.000065",4
"0.829238","0.170762",22
"0.619789","0.380211",10
"1.000000","0.000000",12
"0.039104","0.960896",21
"0.791438","0.208562",22
"0.000000","1.000000",21
"0.029077","0.970923",19
"0.999999","0.000001",25
"0.518401","0.481599",2
"1.000000","0.000000",20
"0.999987","0.000013",25
"0.999930","0.000070",21
"0.999996","0.000004",9
"0.999995","0.000005",29
"1.000000","0.000000",9
"0.080627","0.919373",20
"0.000338","0.999662",16
"0.086519","0.913481",13
"0.886421","0.113579",6
"0.979190","0.020810",3
"0.997378","0.002622",19
"0.000000","1.000000",13
"0.999948","0.000052",15
"0.000000","1.000000",12
"0.092362","0.907638",15
"1.000000","0.000000",9
"1.000000","0.000000",12
"0.999749","0.000251",26
"1.000000","0.000000",12
"0.999909","0.000091",7
"0.999998","0.000002",12
"0.000118","0.999882",21
"0.002665","0.997335",9
"0.000000","1.000000",25
"0.063121","0.936879",9
"0.000101","0.999899",18
"0.000000","1.000000",24
"0.999118","0.000882",12
"1.000000","0.000000",9
"0.000000","1.000000",21
"1.000000","0.000000",12
"0.000022","0.999978",13
"0.999990","0.000010",22
"0.999944","0.000056",25
"0.000000","1.000000",28
"0.045450","0.954550",3
"0.045450","0.954550",3
"0.045450","0.954550",3
"0.731558","0.268442",2
"0.537928","0.462072",3
"0.000708","0.999292",34
"0.000000","1.000000",17
"0.973516","0.026484",6
"0.000014","0.999986",25
"0.000004","0.999996",6
"0.943658","0.056342",6
"0.000000","1.000000",51
"0.000001","0.999999",9
"0.999548","0.000452",23
"0.002414","0.997586",8
"0.003818","0.996182",29
"0.999119","0.000881",33
"0.322015","0.677985",5
"1.000000","0.000000",10
"0.000003","0.999997",6
"0.518401","0.481599",2
"0.518401","0.481599",2
"0.999803","0.000197",3
"0.518401","0.481599",2
"0.018018","0.981982",3
"0.518401","0.481599",2
"0.518401","0.481599",2
"0.991945","0.008055",3
"0.127675","0.872325",3
"0.999895","0.000105",17
"0.000001","0.999999",8
"0.000001","0.999999",15
"0.672607","0.327393",15
"0.079937","0.920063",10
"0.000314","0.999686",21
"1.000000","0.000000",32
"0.995082","0.004918",3
"0.088682","0.911318",30
"0.999964","0.000037",27
"1.000000","0.000000",23
"1.000000","0.000000",21
"0.996828","0.003172",61
"0.000003","0.999997",17
"0.000000","1.000000",15
"0.518401","0.481599",2
"0.003568","0.996432",4
"1.000000","0.000000",17
"0.000013","0.999987",33
"1.000000","0.000000",9
"1.000000","0.000000",28
"0.000000","1.000000",8
"0.000001","0.999999",8
"0.000000","1.000000",9
"0.000000","1.000000",9
"0.000000","1.000000",18
"0.587819","0.412181",1
"0.001166","0.998834",22
"1.000000","0.000000",9
"1.000000","0.000000",32
"0.000036","0.999964",10
"0.988508","0.011492",4
"0.999560","0.000440",4
"0.368072","0.631928",6
"0.999617","0.000384",3
"0.587819","0.412181",1
"1.000000","0.000000",8
"0.951646","0.048354",26
"1.000000","0.000000",9
"0.000002","0.999998",20
"0.518401","0.481599",2
"0.999996","0.000004",8
"0.941853","0.058147",20
"1.000000","0.000000",13
"0.000008","0.999992",25
"0.998845","0.001155",23
"0.000057","0.999943",19
"0.998976","0.001024",27
"1.000000","0.000000",27
"0.724842","0.275158",20
"1.000000","0.000000",14
"0.000000","1.000000",40
"0.346707","0.653293",21
"0.000226","0.999774",22
"0.867695","0.132305",21
"0.999964","0.000035",29
"1.000000","0.000000",16
"0.998424","0.001576",21
"1.000000","0.000000",12
"0.005274","0.994726",11
"0.999902","0.000098",3
"0.000000","1.000000",11
"0.587819","0.412181",1
"0.465349","0.534651",2
"0.997170","0.002830",28
"0.076914","0.923086",20
"1.000000","0.000000",20
"1.000000","0.000000",15
"1.000000","0.000000",16
"0.999994","0.000006",26
"0.000004","0.999996",6
"0.999992","0.000008",15
"0.907181","0.092819",15
"0.999985","0.000015",27
"0.747382","0.252618",6
"0.159850","0.840150",3
"0.159850","0.840150",3
"0.159850","0.840150",3
"0.159850","0.840150",3
"0.159850","0.840150",3
"0.999255","0.000745",4
"0.000015","0.999985",25
"0.992332","0.007668",31
"0.587819","0.412181",1
"0.984518","0.015482",27
"0.979120","0.020880",7
"0.060188","0.939812",11
"0.999999","0.000001",12
"0.000000","1.000000",19
"0.990932","0.009068",25
"0.017970","0.982030",5
"0.000003","0.999997",6
"0.000001","0.999999",7
"1.000000","0.000000",24
"1.000000","0.000000",14
"0.000003","0.999997",6
"1.000000","0.000000",25
"1.000000","0.000000",28
"0.000003","0.999997",6
"0.000920","0.999080",26
"0.999998","0.000002",24
"0.495431","0.504569",1
"0.000003","0.999997",6
"0.000003","0.999997",6
"1.000000","0.000000",35
"0.002790","0.997210",9
"0.000023","0.999977",22
"0.427485","0.572515",1
"0.514932","0.485068",1
"0.454892","0.545108",1
"1.000000","0.000000",3
"0.998232","0.001768",7
"1.000000","0.000000",28
"0.812719","0.187281",46
"0.967905","0.032095",25
"0.000003","0.999997",14
"0.010559","0.989441",22
"0.998572","0.001428",25
"0.971141","0.028859",24
"0.995795","0.004205",5
"0.518401","0.481599",2
"0.479774","0.520226",3
"0.518401","0.481599",2
"0.518401","0.481599",2
"0.518401","0.481599",2
"0.518401","0.481599",2
"0.001256","0.998744",4
"0.518401","0.481599",2
"0.553469","0.446531",7
"0.686711","0.313288",25
"0.000000","1.000000",23
"0.000000","1.000000",22
"0.982803","0.017197",17
"0.000002","0.999998",19
"1.000000","0.000000",21
"0.999349","0.000651",30
"0.999981","0.000019",20
"0.863198","0.136802",22
"0.999891","0.000109",23
"1.000000","0.000000",20
"0.999999","0.000001",22
"0.000002","0.999998",21
"0.015408","0.984592",12
"0.000000","1.000000",13
"0.000000","1.000000",20
"0.999993","0.000007",30
"0.001256","0.998744",4
"0.000000","1.000000",16
"0.076441","0.923559",7
"0.000000","1.000000",16
"0.000821","0.999179",6
"0.999998","0.000002",26
"0.000013","0.999987",8
"0.997479","0.002521",28
"0.000001","0.999999",40
"0.992635","0.007365",29
"0.000340","0.999660",24
"0.000000","1.000000",12
"0.192647","0.807353",15
"0.999910","0.000090",26
"0.123727","0.876273",25
"0.000000","1.000000",16
"0.000000","1.000000",31
"0.999899","0.000101",22
"0.000003","0.999997",19
"0.000001","0.999999",7
"0.000045","0.999955",21
"0.000002","0.999998",10
"0.000000","1.000000",18
"0.000966","0.999034",16
"0.000000","1.000000",14
"0.000000","1.000000",10
"0.091010","0.908990",22
"0.000276","0.999724",20
"0.902596","0.097404",2
"0.021291","0.978709",17
"0.002818","0.997182",26
"0.986733","0.013267",21
"0.005094","0.994906",24
"0.007794","0.992206",11
"0.000027","0.999973",22
"0.996370","0.003630",10
"0.000001","0.999999",8
"0.109630","0.890370",7
"0.000000","1.000000",26
"1.000000","0.000000",25
"0.000000","1.000000",16
"0.000000","1.000000",13
"0.000071","0.999929",25
"0.000059","0.999941",23
"0.447771","0.552229",36
"0.968667","0.031333",18
"0.000000","1.000000",23
"0.000000","1.000000",33
"0.000280","0.999720",7
"0.772038","0.227962",27
"0.000000","1.000000",18
"0.000906","0.999094",5
"0.967796","0.032204",20
"0.000003","0.999997",6
"0.000012","0.999988",20
"0.999987","0.000014",21
"0.963635","0.036365",6
"0.000000","1.000000",17
"0.700596","0.299404",8
"0.664895","0.335105",6
"1.000000","0.000000",12
"0.073548","0.926452",4
"1.000000","0.000000",8
"0.888750","0.111250",27
"0.999874","0.000126",11
"1.000000","0.000000",17
"0.000000","1.000000",24
"0.000100","0.999900",8
"0.961587","0.038413",31
"0.000007","0.999993",22
"0.999999","0.000001",29
"0.120821","0.879179",20
"0.000034","0.999966",17
"1.000000","0.000000",8
"1.000000","0.000000",16
"0.991890","0.008110",18
"1.000000","0.000000",8
"0.918333","0.081667",23
"0.793846","0.206154",31
"0.999993","0.000007",8
"0.916998","0.083002",25
"1.000000","0.000000",9
"0.000001","0.999999",13
"0.299723","0.700277",10
"0.000000","1.000000",13
"1.000000","0.000000",24
"0.000000","1.000000",20
"1.000000","0.000000",23
"0.999999","0.000001",24
"1.000000","0.000000",8
"0.000009","0.999991",19
"1.000000","0.000000",7
"0.114286","0.885714",20
"0.996380","0.003620",22
"1.000000","0.000000",11
"0.964324","0.035676",3
"1.000000","0.000000",10
"0.000007","0.999993",7
"0.518401","0.481599",2
"0.969191","0.030809",8
"0.518401","0.481599",2
"0.000000","1.000000",9
"0.001434","0.998566",26
"1.000000","0.000000",6
"0.000001","0.999999",8
"1.000000","0.000000",25
"0.000067","0.999933",14
"0.067859","0.932141",3
"0.000426","0.999574",13
"0.999993","0.000007",6
"0.000147","0.999853",20
"1.000000","0.000000",23
"0.999481","0.000519",21
"1.000000","0.000000",20
"0.025393","0.974607",24
"0.000130","0.999870",7
"0.002768","0.997232",5
"0.831739","0.168261",5
"1.000000","0.000000",7
"0.000000","1.000000",11
"0.000006","0.999994",13
"0.994292","0.005707",11
"1.000000","0.000000",15
"0.009861","0.990139",10
"0.973667","0.026333",27
"0.000001","0.999999",7
"0.995653","0.004347",28
"1.000000","0.000000",16
"0.999999","0.000001",24
"0.000001","0.999999",26
"0.587819","0.412181",1
"0.518401","0.481599",2
"0.000000","1.000000",9
"0.999928","0.000072",21
"0.000168","0.999832",11
"0.000005","0.999995",17
"1.000000","0.000000",11
"1.000000","0.000000",3
"0.772126","0.227874",12
"1.000000","0.000000",21
"0.999978","0.000022",21
"0.999928","0.000072",23
"0.130452","0.869548",4
"1.000000","0.000000",21
"1.000000","0.000000",21
"0.103612","0.896388",15
"0.916701","0.083299",4
"0.000000","1.000000",23
"0.996645","0.003355",7
"0.000067","0.999933",8
"0.000266","0.999734",10
"0.000000","1.000000",14
"0.000917","0.999083",12
"0.988376","0.011624",26
"0.000404","0.999596",5
"0.000000","1.000000",9
"1.000000","0.000000",13
"1.000000","0.000000",22
"1.000000","0.000000",9
"0.518401","0.481599",2
"0.000000","1.000000",15
"0.024844","0.975156",14
"0.000001","0.999999",7
"0.000014","0.999986",19
"0.000000","1.000000",24
"1.000000","0.000000",14
"1.000000","0.000000",11
"0.991602","0.008398",14
"0.998290","0.001710",14
"0.988083","0.011917",25
"0.000000","1.000000",20
"0.999985","0.000015",8
"1.000000","0.000000",5
"0.025017","0.974983",28
"0.000000","1.000000",27
"0.999972","0.000028",29
"0.000000","1.000000",11
"0.002358","0.997642",3
"0.000001","0.999999",7
"1.000000","0.000000",10
"0.999119","0.000881",11
"0.518401","0.481599",2
"1.000000","0.000000",24
"0.083247","0.916753",8
"1.000000","0.000000",10
"0.999999","0.000001",7
"0.508030","0.491970",18
"0.999884","0.000116",11
"0.233864","0.766136",12
"0.992932","0.007068",8
"0.000000","1.000000",13
"0.000000","1.000000",28
"0.999743","0.000257",22
"0.000006","0.999994",13
"0.393335","0.606665",8
"0.999986","0.000014",7
"1.000000","0.000000",20
"0.999906","0.000094",13
"1.000000","0.000000",3
"0.743695","0.256305",10
"0.587819","0.412181",1
"1.000000","0.000000",6
"0.008523","0.991477",11
"1.000000","0.000000",3
"0.587819","0.412181",1
"0.000000","1.000000",10
"1.000000","0.000000",3
"0.518401","0.481599",2
"1.000000","0.000000",8
"0.999999","0.000001",17
"0.000000","1.000000",8
"0.000001","0.999999",7
"0.518401","0.481599",2
"0.572248","0.427752",7
"1.000000","0.000000",10
"0.000010","0.999990",42
"1.000000","0.000000",3
"0.000001","0.999999",7
"0.000001","0.999999",7
"0.313882","0.686118",3
"0.000001","0.999999",7
"0.993162","0.006838",27
"0.000000","1.000000",9
"0.998297","0.001703",17
"0.012648","0.987352",25
"1.000000","0.000000",11
"0.000000","1.000000",19
"0.000056","0.999944",24
"1.000000","0.000000",3
"0.999996","0.000004",13
"1.000000","0.000000",9
"0.000012","0.999988",23
"0.000000","1.000000",13
"0.999998","0.000002",19
"1.000000","0.000000",6
"0.000001","0.999999",8
"0.009323","0.990677",4
"0.000001","0.999999",7
"1.000000","0.000000",5
"0.997264","0.002736",36
"0.000903","0.999097",20
"1.000000","0.000000",27
"1.000000","0.000000",3
"0.518401","0.481599",2
"0.911947","0.088053",25
"0.000383","0.999617",26
"0.000000","1.000000",18
"0.587819","0.412181",1
"1.000000","0.000000",22
"0.692272","0.307728",28
"0.000000","1.000000",21
"0.000750","0.999250",18
"0.999453","0.000547",22
"0.000000","1.000000",16
"0.998914","0.001086",27
"0.999853","0.000147",25
"0.000069","0.999931",25
"0.000001","0.999999",7
"1.000000","0.000000",15
"0.036200","0.963800",19
"1.000000","0.000000",8
"0.057197","0.942803",17
"0.587819","0.412181",1
"0.999997","0.000003",21
"0.005576","0.994424",26
"0.999473","0.000527",14
"0.999999","0.000001",26
"0.062538","0.937462",5
"1.000000","0.000000",15
"1.000000","0.000000",17
"0.000046","0.999954",15
"0.000164","0.999836",15
"1.000000","0.000000",21
"0.999999","0.000001",20
"0.000000","1.000000",28
"0.587819","0.412181",1
"0.587819","0.412181",1
"0.000009","0.999991",13
"0.000001","0.999999",7
"0.001969","0.998031",26
"0.000006","0.999994",43
"1.000000","0.000000",6
"0.000000","1.000000",11
"1.000000","0.000000",19
"0.000001","0.999999",7
"0.000000","1.000000",15
"1.000000","0.000000",17
"0.002796","0.997204",10
"0.000000","1.000000",10
"1.000000","0.000000",12
"0.000000","1.000000",13
"0.000798","0.999202",17
"1.000000","0.000000",13
"0.951011","0.048988",15
"0.542609","0.457391",20
"0.977643","0.022357",35
"0.997952","0.002048",15
"0.354534","0.645465",3
"1.000000","0.000000",11
"1.000000","0.000000",23
"0.999858","0.000142",28
"1.000000","0.000000",3
"1.000000","0.000000",26
"0.014177","0.985823",12
"0.354838","0.645162",19
"0.981498","0.018502",8
"1.000000","0.000000",30
"1.000000","0.000000",5
"0.587819","0.412181",1
"1.000000","0.000000",23
"0.001812","0.998188",20
"0.000009","0.999990",10
"0.385416","0.614584",22
"1.000000","0.000000",20
"1.000000","0.000000",21
"0.063819","0.936181",25
"0.999996","0.000004",22
"0.999653","0.000347",28
"1.000000","0.000000",27
"1.000000","0.000000",16
"0.159850","0.840150",3
"0.000000","1.000000",10
"0.587819","0.412181",1
"0.999990","0.000010",22
"0.007696","0.992304",27
"0.000227","0.999772",15
"0.998931","0.001068",26
"0.999999","0.000001",9
"0.000145","0.999855",23
"0.518401","0.481599",2
"0.000008","0.999992",8
"0.011338","0.988662",22
"1.000000","0.000000",15
"0.000001","0.999999",8
"0.258253","0.741747",22
"0.000001","0.999999",8
"0.000001","0.999999",38
"1.000000","0.000000",3
"1.000000","0.000000",11
"0.000028","0.999972",28
"0.988430","0.011570",26
"0.159850","0.840150",3
"0.998113","0.001887",12
"0.006204","0.993796",30
"1.000000","0.000000",18
"0.000017","0.999983",17
"0.817687","0.182313",4
"0.000023","0.999977",19
"0.000001","0.999999",7
"0.998833","0.001167",21
"0.999987","0.000013",17
"0.999560","0.000440",17
"1.000000","0.000000",5
"0.518401","0.481599",2
"1.000000","0.000000",31
"0.843694","0.156306",5
"1.000000","0.000000",27
"0.000000","1.000000",12
"0.000000","1.000000",22
"0.000012","0.999988",13
"0.057337","0.942663",19
"1.000000","0.000000",7
"0.000000","1.000000",13
"0.999871","0.000129",5
"0.000020","0.999979",10
"0.000000","1.000000",15
"0.011538","0.988462",10
"1.000000","0.000000",6
"0.999836","0.000164",10
"0.999994","0.000006",16
"0.999997","0.000003",13
"0.939477","0.060523",13
"1.000000","0.000000",9
"0.000000","1.000000",14
"0.000203","0.999797",5
"0.003438","0.996561",9
"0.999992","0.000008",20
"0.000001","1.000000",9
"0.999975","0.000025",16
"0.000000","1.000000",12
"0.062853","0.937147",16
"1.000000","0.000000",5
"0.518401","0.481599",2
"0.999801","0.000199",21
"0.000001","0.999999",7
"0.518401","0.481599",2
"1.000000","0.000000",5
"0.101857","0.898143",12
"1.000000","0.000000",6
"1.000000","0.000000",9
"0.000583","0.999417",4
"1.000000","0.000000",8
"0.587819","0.412181",1
"0.037161","0.962839",13
"0.988445","0.011555",6
"0.518401","0.481599",2
"0.518401","0.481599",2
"1.000000","0.000000",8
"0.003470","0.996530",4
"0.000000","1.000000",11
"1.000000","0.000000",10
"0.066082","0.933918",6
"0.987857","0.012143",4
"1.000000","0.000000",77
"0.998750","0.001250",30
"1.000000","0.000000",12
"1.000000","0.000000",5
"0.003470","0.996530",4
"0.353091","0.646909",8
"0.999997","0.000003",12
"0.000010","0.999990",7
"1.000000","0.000000",8
"1.000000","0.000000",8
"1.000000","0.000000",8
"1.000000","0.000000",10
"0.995773","0.004227",10
"1.000000","0.000000",3
"0.000001","0.999999",7
"0.000989","0.999011",23
"0.937522","0.062478",10
"0.088583","0.911417",10
"0.564450","0.435550",11
"0.000000","1.000000",10
"0.000705","0.999295",18
"0.003476","0.996524",5
"0.587819","0.412181",1
"0.491283","0.508717",19
"0.999997","0.000003",8
"0.587819","0.412181",1
"0.474995","0.525005",3
"1.000000","0.000000",3
"1.000000","0.000000",15
"0.587819","0.412181",1
"1.000000","0.000000",12
"0.057987","0.942013",19
"0.587819","0.412181",1
"0.518401","0.481599",2
"1.000000","0.000000",4
"1.000000","0.000000",24
"0.098090","0.901910",4
"0.000001","0.999999",8
"1.000000","0.000000",18
"1.000000","0.000000",4
"0.998946","0.001054",22
"0.000000","1.000000",13
"1.000000","0.000000",14
"1.000000","0.000000",3
"0.000063","0.999937",9
"0.518401","0.481599",2
"0.705985","0.294015",3
"0.474995","0.525005",3
"0.995584","0.004416",8
"0.937384","0.062616",10
"0.945758","0.054242",11
"0.000000","1.000000",14
"0.000009","0.999991",9
"0.000001","0.999999",8
"1.000000","0.000000",12
"0.000000","1.000000",14
"0.000003","0.999997",5
"0.003470","0.996530",4
"0.000001","0.999999",7
"1.000000","0.000000",11
"0.587819","0.412181",1
"1.000000","0.000000",6
"1.000000","0.000000",16
"0.587819","0.412181",1
"0.135589","0.864411",8
"0.000053","0.999947",12
"1.000000","0.000000",5
"0.000002","0.999998",17
"0.000015","0.999985",5
"0.019604","0.980396",7
"0.000001","0.999999",7
"0.999998","0.000002",19
"1.000000","0.000000",12
"0.919435","0.080565",18
"1.000000","0.000000",12
"0.000001","0.999999",7
"0.020721","0.979279",13
"1.000000","0.000000",6
"0.249879","0.750121",20
"1.000000","0.000000",3
"0.994786","0.005214",6
"0.999315","0.000685",11
"0.997656","0.002344",5
"0.018219","0.981781",8
"0.991517","0.008483",5
"0.999858","0.000142",4
"0.000001","0.999999",7
"0.003470","0.996530",4
"0.964075","0.035925",9
"0.388752","0.611248",3
"0.587819","0.412181",1
"1.000000","0.000000",12
"0.587819","0.412181",1
"0.000036","0.999964",24
"0.568511","0.431489",8
"0.988813","0.011187",4
"0.046859","0.953141",10
"0.587819","0.412181",1
"1.000000","0.000000",9
"1.000000","0.000000",3
"1.000000","0.000000",12
"0.304256","0.695744",4
"0.001158","0.998842",3
"0.587819","0.412181",1
"0.000009","0.999991",23
"0.000000","1.000000",15
"0.059488","0.940512",25
"0.000002","0.999998",13
"0.993041","0.006959",10
"0.074464","0.925536",23
"0.999972","0.000028",29
"0.999992","0.000008",18
"0.000001","0.999999",8
"0.079156","0.920844",19
"0.303212","0.696788",7
"0.000003","0.999997",6
"0.000000","1.000000",22
"0.000015","0.999985",10
"1.000000","0.000000",3
"1.000000","0.000000",12
"0.000006","0.999994",21
"0.041579","0.958421",9
"0.587819","0.412181",1
"1.000000","0.000000",13
"0.587819","0.412181",1
"0.518401","0.481599",2
"0.587819","0.412181",1
"0.187124","0.812876",13
"0.999978","0.000022",14
"1.000000","0.000000",5
"1.000000","0.000000",4
"1.000000","0.000000",4
"0.998072","0.001928",30
"0.587819","0.412181",1
"0.587819","0.412181",1
"0.671286","0.328714",2
"0.707433","0.292567",22
"0.000699","0.999301",9
"1.000000","0.000000",8
"1.000000","0.000000",15
"0.991890","0.008110",18
"1.000000","0.000000",24
"0.317443","0.682557",7
"1.000000","0.000000",4
"1.000000","0.000000",27
"0.881735","0.118265",27
"0.999823","0.000177",25
"0.999874","0.000126",4
"0.988492","0.011508",13
"1.000000","0.000000",7
"0.000006","0.999994",23
"0.000000","1.000000",9
"0.158274","0.841726",24
"0.784561","0.215439",24
"0.762415","0.237585",30
"0.999990","0.000011",17
"0.999983","0.000017",38
"0.013856","0.986144",15
"0.000001","0.999999",27
"0.000000","1.000000",11
"0.000000","1.000000",20
"1.000000","0.000000",8
"0.013452","0.986548",12
"1.000000","0.000000",8
"0.998399","0.001601",11
"0.000003","0.999997",24
"0.697361","0.302639",24
"0.514022","0.485978",9
"1.000000","0.000000",10
"0.990598","0.009402",6
"1.000000","0.000000",9
"0.000009","0.999991",13
"0.001300","0.998700",25
"0.000000","1.000000",15
"1.000000","0.000000",5
"0.345541","0.654459",2
"0.752025","0.247975",7
"0.999876","0.000124",27
"0.998960","0.001040",11
"0.999992","0.000008",2
"1.000000","0.000000",3
"0.999969","0.000031",2
"0.999969","0.000031",2
"1.000000","0.000000",2
"0.999440","0.000560",3
"0.999969","0.000031",2
"1.000000","0.000000",3
"0.972539","0.027461",1
"1.000000","0.000000",16
"1.000000","0.000000",9
"0.999990","0.000011",17
"0.950316","0.049684",7
"0.971833","0.028167",14
"0.920018","0.079982",12
"1.000000","0.000000",21
"0.286787","0.713213",23
"0.000000","1.000000",25
"0.000667","0.999333",23
"0.926836","0.073164",11
"1.000000","0.000000",15
"0.044648","0.955351",22
"1.000000","0.000000",28
"0.000027","0.999973",12
"0.000001","0.999999",8
"0.997611","0.002389",25
"0.000024","0.999976",24
"0.999922","0.000078",4
"0.787921","0.212079",2
"0.787921","0.212079",2
"0.787921","0.212079",2
"0.787921","0.212079",2
"0.787921","0.212079",2
"1.000000","0.000000",23
"0.343434","0.656566",23
"1.000000","0.000000",27
"0.994052","0.005948",9
"0.004783","0.995217",31
"1.000000","0.000000",9
"0.000000","1.000000",24
"1.000000","0.000000",11
"0.999999","0.000001",10
"0.998805","0.001195",8
"1.000000","0.000000",17
"0.960459","0.039541",22
"0.999996","0.000004",16
"0.587819","0.412181",1
"0.518401","0.481599",2
"0.000000","1.000000",10
"0.000355","0.999645",10
"0.999980","0.000020",28
"0.149428","0.850572",2
"0.004266","0.995734",18
"1.000000","0.000000",6
"0.999535","0.000465",21
"1.000000","0.000000",22
"0.996104","0.003896",3
"0.996104","0.003896",3
"0.999996","0.000004",25
"0.018080","0.981920",16
"0.968479","0.031521",23
"0.000008","0.999992",19
"0.023098","0.976902",25
"0.990017","0.009983",25
"1.000000","0.000000",9
"0.999997","0.000003",18
"0.000010","0.999990",28
"0.000000","1.000000",25
"0.611391","0.388609",6
"0.000002","0.999998",13
"0.000006","0.999994",20
"0.587819","0.412181",1
"0.999836","0.000164",8
"0.000000","1.000000",17
"0.999999","0.000001",8
"0.159850","0.840150",3
"0.999424","0.000576",8
"0.999993","0.000007",7
"0.999993","0.000007",11
"0.732762","0.267238",4
"0.999913","0.000087",11
"0.732762","0.267238",4
"0.999936","0.000064",12
"0.999959","0.000041",5
"0.972058","0.027942",16
"1.000000","0.000000",11
"0.732762","0.267238",4
"0.732762","0.267238",4
"0.506833","0.493167",23
"0.003066","0.996934",23
"0.000465","0.999535",8
"0.428397","0.571603",4
"0.001339","0.998661",5
"0.000000","1.000000",17
"0.000003","0.999997",6
"0.999993","0.000007",30
"0.250791","0.749209",8
"0.001626","0.998374",18
"0.000000","1.000000",23
"0.000001","0.999999",7
"0.016465","0.983535",25
"0.159850","0.840150",3
"0.587819","0.412181",1
"0.992566","0.007434",21
"0.000000","1.000000",8
"1.000000","0.000000",8
"0.752391","0.247609",16
"0.286958","0.713042",24
"0.999188","0.000812",11
"0.587819","0.412181",1
"0.587819","0.412181",1
"0.587819","0.412181",1
"0.999729","0.000271",19
"1.000000","0.000000",17
"0.000000","1.000000",10
"0.988678","0.011322",23
"0.000001","0.999999",7
"1.000000","0.000000",6
"1.000000","0.000000",27
"0.001929","0.998071",26
"0.999962","0.000038",8
"0.179419","0.820581",6
"0.012269","0.987731",3
"1.000000","0.000000",10
"0.999949","0.000051",16
"0.000006","0.999994",18
"1.000000","0.000000",21
"0.003869","0.996131",28
"0.000009","0.999991",25
"0.587819","0.412181",1
"0.008830","0.991170",8
"0.999881","0.000119",29
"0.000213","0.999787",12
"0.000000","1.000000",6
"0.999999","0.000001",26
"0.052637","0.947363",3
"0.149428","0.850572",2
"0.989944","0.010056",21
"1.000000","0.000000",23
"0.002699","0.997302",18
"0.999077","0.000923",26
"0.967067","0.032933",25
"0.000369","0.999631",20
"1.000000","0.000000",15
"0.045450","0.954550",3
"0.045450","0.954550",3
"0.320911","0.679089",3
"0.995819","0.004181",7
"0.000068","0.999932",16
"1.000000","0.000000",17
"1.000000","0.000000",17
"1.000000","0.000000",13
"1.000000","0.000000",15
"0.996817","0.003183",13
"0.824393","0.175607",1
"0.999892","0.000108",11
"0.248828","0.751172",12
"0.000000","1.000000",21
"0.758426","0.241574",11
"1.000000","0.000000",11
"0.000016","0.999984",6
"1.000000","0.000000",6
"1.000000","0.000000",7
"0.000079","0.999921",13
"0.876127","0.123873",7
"1.000000","0.000000",7
"0.159850","0.840150",3
"0.587819","0.412181",1
"0.999999","0.000001",8
"0.999998","0.000002",25
"0.915211","0.084789",25
"0.001309","0.998691",5
"1.000000","0.000000",8
"0.587819","0.412181",1
"0.003489","0.996511",7
"0.924102","0.075898",22
"0.001108","0.998892",28
"0.000000","1.000000",8
"0.000000","1.000000",12
"1.000000","0.000000",12
"0.159850","0.840150",3
"0.119822","0.880178",25
"0.141705","0.858295",12
"0.000832","0.999168",27
"0.168930","0.831070",29
"1.000000","0.000000",7
"1.000000","0.000000",18
"0.999976","0.000024",9
"0.000001","0.999999",7
"0.518401","0.481599",2
"1.000000","0.000000",3
"0.952585","0.047415",19
"0.000044","0.999956",5
"1.000000","0.000000",19
"0.990865","0.009135",6
"0.000892","0.999108",20
"0.702632","0.297368",9
"0.787037","0.212963",13
"0.518401","0.481599",2
"0.000011","0.999989",19
"0.547690","0.452310",9
"0.587819","0.412181",1
"0.975794","0.024206",11
"1.000000","0.000000",7
"0.587819","0.412181",1
"0.993806","0.006194",2
"1.000000","0.000000",6
"0.000000","1.000000",19
"0.000000","1.000000",17
"0.015419","0.984581",23
"0.350426","0.649574",7
"0.015330","0.984670",5
"0.016932","0.983068",20
"1.000000","0.000000",15
"0.035578","0.964422",3
"1.000000","0.000000",5
"0.003470","0.996530",4
"0.997365","0.002635",5
"0.159850","0.840150",3
"1.000000","0.000000",5
"0.159850","0.840150",3
"0.634168","0.365831",6
"0.000001","0.999999",8
"0.000000","1.000000",34
"0.999993","0.000007",16
"0.000001","0.999999",7
"0.518401","0.481599",2
"1.000000","0.000000",26
"0.024267","0.975733",7
"0.000001","0.999999",8
"1.000000","0.000000",9
"0.853177","0.146823",17
"0.098392","0.901608",5
"0.587819","0.412181",1
"1.000000","0.000000",10
"0.000031","0.999969",15
"1.000000","0.000000",24
"0.084904","0.915096",4
"0.159850","0.840150",3
"0.036913","0.963087",25
"0.000002","0.999998",6
"1.000000","0.000000",23
"0.865294","0.134706",14
"1.000000","0.000000",21
"1.000000","0.000000",15
"1.000000","0.000000",3
"0.159850","0.840150",3
"0.161907","0.838093",28
"0.000001","0.999999",8
"1.000000","0.000000",5
"0.000900","0.999100",7
"0.000193","0.999807",8
"0.518401","0.481599",2
"0.996547","0.003453",2
"0.999969","0.000031",3
"0.518401","0.481599",2
"0.999670","0.000330",5
"0.587819","0.412181",1
"0.518401","0.481599",2
"0.003470","0.996530",4
"0.999489","0.000511",8
"0.518401","0.481599",2
"0.587819","0.412181",1
"0.587819","0.412181",1
"0.998794","0.001206",4
"0.587819","0.412181",1
"0.587819","0.412181",1
"0.987545","0.012455",23
"1.000000","0.000000",3
"0.999991","0.000009",8
"0.587819","0.412181",1
"0.587819","0.412181",1
"0.000000","1.000000",6
"0.587819","0.412181",1
"0.587819","0.412181",1
"0.587819","0.412181",1
"1.000000","0.000000",4
"1.000000","0.000000",3
"0.705719","0.294281",8
"1.000000","0.000000",3
"0.999999","0.000001",9
"0.997365","0.002635",5
"1.000000","0.000000",3
"0.999251","0.000749",13
"0.000000","1.000000",6
"0.999211","0.000789",2
"0.030970","0.969030",17
"0.999725","0.000275",24
"0.518401","0.481599",2
"0.694817","0.305183",2
"0.000000","1.000000",22
"0.999706","0.000294",17
"0.000000","1.000000",12
"0.000000","1.000000",10
"0.989128","0.010872",2
"0.246309","0.753691",4
"0.824393","0.175607",1
"1.000000","0.000000",2
"0.999339","0.000661",26
"0.926585","0.073415",14
"1.000000","0.000000",7
"0.997365","0.002635",5
"0.984439","0.015561",6
"0.587819","0.412181",1
"1.000000","0.000000",4
"0.000000","1.000000",7
"0.841784","0.158216",24
"0.999401","0.000599",30
"0.000021","0.999979",22
"0.159850","0.840150",3
"0.587819","0.412181",1
"1.000000","0.000000",14
"1.000000","0.000000",28
"0.000001","0.999999",7
"0.791637","0.208363",7
"0.000000","1.000000",23
"0.999994","0.000006",19
"0.282060","0.717940",12
"1.000000","0.000000",4
"0.000000","1.000000",27
"0.000000","1.000000",18
"0.999964","0.000036",18
"0.167987","0.832013",7
"0.000000","1.000000",10
"0.582913","0.417087",26
"0.000679","0.999321",14
"0.518401","0.481599",2
"0.587819","0.412181",1
"0.008024","0.991976",17
"0.000000","1.000000",12
"1.000000","0.000000",22
"1.000000","0.000000",23
"0.000000","1.000000",15
"0.000003","0.999997",5
"0.000016","0.999984",25
"0.587819","0.412181",1
"0.587819","0.412181",1
"0.982015","0.017985",25
"0.518401","0.481599",2
"0.544393","0.455607",5
"0.000003","0.999997",5
"0.874301","0.125699",4
"0.159850","0.840150",3
"0.993475","0.006525",8
"1.000000","0.000000",6
"1.000000","0.000000",8
"0.001256","0.998744",4
"0.763658","0.236342",7
"1.000000","0.000000",6
"0.000005","0.999995",5
"0.000051","0.999949",6
"1.000000","0.000000",18
"0.000002","0.999998",29
"0.000000","1.000000",10
"0.000339","0.999661",28
"0.998182","0.001818",26
"0.887236","0.112764",2
"0.990399","0.009602",3
"0.996680","0.003320",2
"0.000000","1.000000",22
"0.999997","0.000003",36
"1.000000","0.000000",11
"0.999979","0.000021",24
"1.000000","0.000000",24
"0.518401","0.481599",2
"0.000000","1.000000",21
"1.000000","0.000000",8
"0.999997","0.000003",9
"0.001256","0.998744",4
"0.001256","0.998744",4
"0.000001","1.000000",25
"0.000000","1.000000",21
"0.000001","0.999999",14
"0.998347","0.001653",26
"1.000000","0.000000",10
"0.000014","0.999986",10
"0.000330","0.999670",23
"0.992700","0.007300",7
"0.079394","0.920606",24
"0.977757","0.022244",20
"1.000000","0.000000",25
"0.999998","0.000002",27
"1.000000","0.000000",22
"0.998762","0.001238",21
"0.001006","0.998995",23
"0.701271","0.298729",12
"0.518401","0.481599",2
"0.999898","0.000102",16
"0.518401","0.481599",2
"0.999768","0.000232",26
"0.000504","0.999496",27
"0.894462","0.105538",4
"0.518401","0.481599",2
"0.000001","0.999999",8
"0.955553","0.044447",12
"0.518401","0.481599",2
"1.000000","0.000000",6
"0.999287","0.000713",2
"0.996104","0.003896",3
"1.000000","0.000000",9
"0.671286","0.328714",2
"0.996552","0.003448",3
"0.518401","0.481599",2
"1.000000","0.000000",4
"0.541981","0.458019",28
"0.005781","0.994219",3
"0.000001","0.999999",7
"1.000000","0.000000",7
"0.999136","0.000864",14
"0.159850","0.840150",3
"0.572844","0.427156",6
"0.076687","0.923313",12
"0.009848","0.990152",21
"0.994006","0.005994",5
"0.999885","0.000115",25
"0.998032","0.001968",13
"0.159850","0.840150",3
"0.159850","0.840150",3
"0.019617","0.980383",22
"0.879804","0.120196",15
"0.952222","0.047778",24
"1.000000","0.000000",20
"1.000000","0.000000",24
"0.999992","0.000008",20
"0.980658","0.019342",9
"0.587819","0.412181",1
"0.000013","0.999987",28
"1.000000","0.000000",14
"1.000000","0.000000",12
"0.518401","0.481599",2
"0.003470","0.996530",4
"0.587819","0.412181",1
"1.000000","0.000000",23
"0.990728","0.009272",24
"0.002162","0.997838",23
"1.000000","0.000000",28
"0.997938","0.002062",7
"0.000000","1.000000",20
"0.962251","0.037749",26
"1.000000","0.000000",10
"0.292863","0.707137",28
"0.000016","0.999984",26
"0.000000","1.000000",25
"0.000137","0.999863",6
"0.015819","0.984181",4
"0.999815","0.000185",19
"0.000000","1.000000",5
"0.003470","0.996530",4
"0.587819","0.412181",1
"1.000000","0.000000",10
"1.000000","0.000000",3
"0.996847","0.003153",21
"0.587819","0.412181",1
"1.000000","0.000000",10
"0.000000","1.000000",52
"1.000000","0.000000",4
"0.000003","0.999997",13
"1.000000","0.000000",4
"0.587819","0.412181",1
"0.159850","0.840150",3
"0.001586","0.998414",22
"0.747814","0.252186",27
"1.000000","0.000000",3
"0.003798","0.996202",13
"1.000000","0.000000",10
"0.498865","0.501135",8
"0.999915","0.000085",28
"0.587819","0.412181",1
"1.000000","0.000000",2
"0.239577","0.760423",6
"0.999974","0.000026",7
"0.518401","0.481599",2
"0.000010","0.999990",27
"1.000000","0.000000",6
"1.000000","0.000000",16
"0.000000","1.000000",4
"0.998972","0.001028",10
"0.000000","1.000000",47
"0.007112","0.992888",21
"0.131752","0.868248",2
"0.000000","1.000000",24
"0.000009","0.999992",8
"0.988883","0.011117",22
"1.000000","0.000000",8
"0.000000","1.000000",9
"0.028484","0.971516",8
"0.587819","0.412181",1
"0.587819","0.412181",1
"0.000000","1.000000",14
"0.495431","0.504569",1
"0.915838","0.084162",13
"1.000000","0.000000",25
"0.999957","0.000043",29
"0.587819","0.412181",1
"0.159711","0.840289",2
"1.000000","0.000000",2
"1.000000","0.000000",25
"0.138008","0.861992",25
"0.587819","0.412181",1
"0.999999","0.000001",28
"0.000000","1.000000",23
"0.000207","0.999793",29
"0.587819","0.412181",1
"0.884842","0.115158",4
"0.000003","0.999997",6
"1.000000","0.000000",7
"0.000028","0.999972",28
"0.000001","0.999999",24
"1.000000","0.000000",14
"0.999997","0.000003",10
"0.000003","0.999997",6
"0.916701","0.083299",4
"0.518401","0.481599",2
"0.518401","0.481599",2
"1.000000","0.000000",27
"0.000003","0.999997",7
"0.001255","0.998745",9
"0.573050","0.426950",1
"0.001875","0.998125",4
"1.000000","0.000000",8
"0.127117","0.872883",3
"0.000964","0.999036",5
"0.159850","0.840150",3
"0.474995","0.525005",3
"0.159850","0.840150",3
"0.731739","0.268261",1
"0.008025","0.991975",6
"0.587819","0.412181",1
"0.084017","0.915983",20
"1.000000","0.000000",21
"0.518401","0.481599",2
"0.587819","0.412181",1
"1.000000","0.000000",8
"0.587819","0.412181",1
"1.000000","0.000000",7
"0.159850","0.840150",3
"0.999998","0.000002",23
"1.000000","0.000000",12
"0.000000","1.000000",38
"0.518401","0.481599",2
"0.518401","0.481599",2
"0.486090","0.513910",2
"1.000000","0.000000",16
"1.000000","0.000000",8
"0.000162","0.999838",8
"0.000000","1.000000",7
"0.999984","0.000016",29
"0.988776","0.011224",25
"0.536511","0.463489",22
"0.999999","0.000001",8
"0.292251","0.707749",26
"0.999979","0.000021",27
"0.587819","0.412181",1
"0.997096","0.002904",13
"1.000000","0.000000",15
"0.992944","0.007056",5
"0.999853","0.000147",2
"0.587819","0.412181",1
"0.000003","0.999997",6
"0.518401","0.481599",2
"1.000000","0.000000",4
"0.518401","0.481599",2
"1.000000","0.000000",3
"0.000692","0.999308",4
"0.998741","0.001259",15
"0.999998","0.000002",14
"0.003711","0.996289",9
"0.518401","0.481599",2
"0.000003","0.999997",6
"1.000000","0.000000",14
"1.000000","0.000000",8
"0.876745","0.123255",3
"0.999997","0.000003",26
"1.000000","0.000000",15
"0.968611","0.031389",16
"0.999754","0.000246",13
"0.587819","0.412181",1
"0.064144","0.935856",14
"0.458227","0.541773",21
"0.774867","0.225133",28
"0.964722","0.035278",22
"0.000001","0.999999",7
"0.000003","0.999997",6
"0.159850","0.840150",3
"0.997365","0.002635",5
"0.999976","0.000024",25
"0.999803","0.000197",3
"0.159850","0.840150",3
"0.587819","0.412181",1
"0.000136","0.999864",10
"0.000000","1.000000",9
"0.000000","1.000000",10
"0.197824","0.802176",9
"0.999991","0.000009",9
"0.000000","1.000000",9
"0.000003","0.999997",6
"0.035037","0.964963",7
"1.000000","0.000000",21
"1.000000","0.000000",7
"0.180997","0.819003",20
"0.976429","0.023571",5
"0.000000","1.000000",7
"0.587819","0.412181",1
"0.587819","0.412181",1
"0.998584","0.001416",21
"0.990913","0.009087",3
"0.587819","0.412181",1
"0.006871","0.993129",16
"0.117877","0.882123",7
"0.000771","0.999229",13
"0.000001","1.000000",12
"0.003648","0.996352",13
"0.587819","0.412181",1
"0.000003","0.999997",6
"0.187359","0.812642",13
"1.000000","0.000000",13
"0.009722","0.990278",23
"0.999996","0.000004",21
"0.262711","0.737289",19
"0.000000","1.000000",10
"0.004475","0.995525",21
"0.986236","0.013764",25
"0.518401","0.481599",2
"0.998685","0.001315",8
"0.979190","0.020810",3
"0.994742","0.005258",7
"0.997998","0.002002",12
"1.000000","0.000000",30
"0.011356","0.988644",17
"0.999847","0.000153",10
"0.000661","0.999339",13
"0.587819","0.412181",1
"0.000000","1.000000",16
"0.997365","0.002635",5
"0.003470","0.996530",4
"1.000000","0.000000",5
"0.673928","0.326072",20
"0.000001","0.999999",8
"1.000000","0.000000",4
"1.000000","0.000000",3
"0.495431","0.504569",1
"0.495431","0.504569",1
"0.495431","0.504569",1
"0.495431","0.504569",1
"0.495431","0.504569",1
"0.203847","0.796153",23
"1.000000","0.000000",25
"0.997752","0.002248",14
"0.000001","0.999999",26
"0.000232","0.999768",33
"1.000000","0.000000",11
"0.000866","0.999134",10
"0.089641","0.910359",22
"0.000000","1.000000",19
"1.000000","0.000000",11
"0.381026","0.618974",26
"0.000014","0.999986",48
"0.518401","0.481599",2
"0.999960","0.000040",9
"0.999419","0.000581",25
"1.000000","0.000000",6
"0.301876","0.698124",7
"0.826591","0.173409",25
"0.402275","0.597725",4
"0.518401","0.481599",2
"0.587819","0.412181",1
"0.000000","1.000000",9
"1.000000","0.000000",3
"0.967966","0.032034",6
"0.000001","0.999999",8
"0.000000","1.000000",13
"0.970547","0.029453",24
"0.000000","1.000000",10
"1.000000","0.000000",10
"0.998156","0.001844",3
"0.000000","1.000000",6
"1.000000","0.000000",11
"1.000000","0.000000",4
"0.998674","0.001326",19
"0.000000","1.000000",44
"0.999996","0.000004",16
"0.001687","0.998314",20
"1.000000","0.000000",20
"1.000000","0.000000",9
"0.004066","0.995934",9
"0.999719","0.000281",7
"0.999114","0.000886",20
"0.000003","0.999997",6
"1.000000","0.000000",26
"1.000000","0.000000",30
"0.019646","0.980354",4
"1.000000","0.000000",17
"0.987756","0.012243",13
"1.000000","0.000000",25
"0.000001","0.999999",18
"0.518401","0.481599",2
"0.518401","0.481599",2
"1.000000","0.000000",12
"0.999348","0.000652",18
"0.999997","0.000003",17
"0.996222","0.003778",8
"0.517136","0.482864",16
"0.012022","0.987978",5
"0.000000","1.000000",11
"0.000000","1.000000",13
"0.000004","0.999996",18
"0.999999","0.000001",10
"0.393643","0.606357",14
"0.006295","0.993705",26
"1.000000","0.000000",21
"0.956128","0.043872",22
"0.763658","0.236342",7
"1.000000","0.000000",13
"0.000000","1.000000",20
"0.990933","0.009067",24
"0.998724","0.001276",8
"0.000145","0.999854",24
"0.999104","0.000896",18
"1.000000","0.000000",19
"0.000193","0.999808",22
"0.999179","0.000821",9
"0.069742","0.930258",27
"0.686558","0.313442",30
"0.998251","0.001749",8
"0.994532","0.005468",31
"1.000000","0.000000",7
"0.999925","0.000075",2
"0.997030","0.002969",2
"0.002230","0.997771",25
"0.297551","0.702449",23
"1.000000","0.000000",9
"0.431365","0.568635",26
"0.000000","1.000000",9
"1.000000","0.000000",25
"0.000000","1.000000",11
"0.159850","0.840150",3
"1.000000","0.000000",10
"0.684047","0.315953",4
"0.000000","1.000000",4
"0.000001","0.999999",8
"0.000033","0.999967",17
"1.000000","0.000000",8
"0.000000","1.000000",27
"0.999995","0.000005",30
"0.000112","0.999888",15
"0.839531","0.160469",11
"0.000000","1.000000",20
"0.999870","0.000130",26
"0.998017","0.001983",35
"0.998972","0.001028",30
"0.231699","0.768301",28
"1.000000","0.000000",9
"1.000000","0.000000",6
"0.000000","1.000000",22
"0.139795","0.860205",10
"0.005155","0.994845",27
"0.080570","0.919430",26
"0.000000","1.000000",14
"0.000000","1.000000",19
"0.000000","1.000000",9
"0.495431","0.504569",1
"0.000519","0.999481",8
"0.000000","1.000000",19
"0.000001","0.999999",8
"0.406901","0.593099",9
"0.002898","0.997102",14
"0.902079","0.097921",8
"0.000017","0.999983",6
"0.999855","0.000145",26
"0.995634","0.004366",45
"0.000384","0.999616",31
"0.999778","0.000222",9
"0.007658","0.992342",23
"0.999861","0.000139",8
"0.012579","0.987420",28
"0.841920","0.158080",28
"1.000000","0.000000",17
"0.999999","0.000001",9
"0.000862","0.999138",17
"1.000000","0.000000",13
"0.000787","0.999213",21
"0.246283","0.753717",9
"0.005116","0.994884",18
"0.000000","1.000000",11
"1.000000","0.000000",11
"0.082277","0.917723",22
"0.817290","0.182711",23
"1.000000","0.000000",13
"1.000000","0.000000",11
"0.000000","1.000000",21
"0.011242","0.988758",12
"1.000000","0.000001",18
"1.000000","0.000000",10
"1.000000","0.000000",6
"1.000000","0.000001",13
"0.520963","0.479037",22
"0.000000","1.000000",21
"1.000000","0.000000",23
"0.239758","0.760242",22
"0.495431","0.504569",1
"0.495431","0.504569",1
"1.000000","0.000000",22
"0.479368","0.520632",10
"0.217216","0.782784",9
"1.000000","0.000000",32
"0.495431","0.504569",1
"0.999999","0.000001",24
"0.999531","0.000469",28
"0.000000","1.000000",8
"1.000000","0.000000",15
"0.008136","0.991864",22
"0.000000","1.000000",8
"0.000021","0.999979",19
"0.999991","0.000009",18
"0.587819","0.412181",1
"0.000000","1.000000",21
"0.999910","0.000090",7
"0.994054","0.005946",25
"0.999965","0.000035",20
"0.895371","0.104629",10
"0.950141","0.049859",27
"0.000282","0.999718",16
"0.069729","0.930271",25
"0.101491","0.898509",19
"0.002949","0.997051",8
"0.015673","0.984327",17
"0.999999","0.000001",26
"1.000000","0.000000",22
"0.587819","0.412181",1
"0.076281","0.923719",5
"0.000984","0.999016",6
"1.000000","0.000000",9
"0.997658","0.002342",20
"0.996897","0.003103",8
"0.008320","0.991680",5
"0.999686","0.000314",12
"0.000000","1.000000",37
"0.977855","0.022145",10
"0.000000","1.000000",21
"0.999785","0.000215",18
"1.000000","0.000000",10
"0.000000","1.000000",9
"0.218580","0.781420",29
"0.000007","0.999993",20
"0.000001","0.999999",33
"1.000000","0.000000",19
"0.999998","0.000002",9
"0.999996","0.000004",25
"0.000000","1.000000",19
"0.037330","0.962670",19
"0.998938","0.001062",15
"0.000010","0.999990",9
"0.004897","0.995103",8
"1.000000","0.000000",11
"0.648998","0.351002",22
"0.010681","0.989319",9
"0.000463","0.999537",14
"1.000000","0.000000",5
"0.000000","1.000000",11
"0.999955","0.000045",3
"0.486090","0.513910",2
"0.000000","1.000000",12
"0.587819","0.412181",1
"0.000062","0.999938",25
"0.000001","0.999999",8
"0.008962","0.991038",21
"0.093259","0.906740",4
"1.000000","0.000000",9
"0.000000","1.000000",24
"0.000025","0.999975",19
"0.999996","0.000004",5
"0.964721","0.035279",3
"0.964721","0.035279",3
"0.964721","0.035279",3
"0.964721","0.035279",3
"0.651263","0.348737",2
"0.763658","0.236342",7
"0.000389","0.999611",13
"0.003086","0.996914",21
"0.999818","0.000182",5
"0.000096","0.999904",20
"0.002846","0.997154",16
"0.999990","0.000010",18
"0.021338","0.978662",29
"1.000000","0.000000",4
"0.000000","1.000000",15
"0.996695","0.003305",30
"1.000000","0.000000",24
"0.999994","0.000006",27
"0.569797","0.430203",29
"0.000955","0.999045",26
"1.000000","0.000000",3
"0.000288","0.999712",26
"0.336685","0.663315",26
"0.000000","1.000000",9
"0.000000","1.000000",19
"0.000007","0.999993",9
"0.985965","0.014035",8
"0.000000","1.000000",28
"0.993624","0.006376",26
"0.000091","0.999909",24
"0.873445","0.126555",16
"0.999444","0.000556",22
"0.076863","0.923137",27
"0.996073","0.003927",19
"0.000003","0.999997",12
"0.006075","0.993925",13
"0.022351","0.977649",27
"0.000000","1.000000",21
"0.206233","0.793767",13
"0.052737","0.947263",12
"1.000000","0.000000",13
"0.981320","0.018680",20
"0.587819","0.412181",1
"1.000000","0.000000",5
"0.000015","0.999985",10
"0.000083","0.999917",5
"0.206612","0.793388",23
"1.000000","0.000000",26
"0.495431","0.504569",1
"0.495431","0.504569",1
"0.495431","0.504569",1
"0.970291","0.029709",27
"0.819983","0.180017",28
"0.999999","0.000001",14
"0.999968","0.000032",12
"0.000691","0.999309",21
"0.999963","0.000037",14
"0.762314","0.237686",11
"0.999999","0.000001",28
"0.999997","0.000003",26
"1.000000","0.000000",6
"1.000000","0.000000",5
"0.495431","0.504569",1
"0.999875","0.000125",12
"0.999475","0.000525",28
"0.963925","0.036075",28
"0.998319","0.001681",18
"0.322242","0.677758",25
"0.000016","0.999984",26
"0.287048","0.712952",8
"0.000000","1.000000",9
"0.000000","1.000000",12
"0.000000","1.000000",12
"0.455671","0.544329",11
"0.027952","0.972048",12
"0.000001","1.000000",17
"1.000000","0.000000",18
"0.026053","0.973947",28
"1.000000","0.000000",25
"0.999925","0.000075",25
"1.000000","0.000000",10
"1.000000","0.000000",8
"0.000783","0.999217",19
"0.774013","0.225987",8
"0.096860","0.903140",9
"0.587819","0.412181",1
"0.997941","0.002059",27
"0.937757","0.062242",27
"1.000000","0.000000",27
"0.008320","0.991680",5
"0.061983","0.938017",24
"0.999927","0.000073",30
"1.000000","0.000000",4
"0.939359","0.060641",21
"0.444929","0.555071",6
"0.999972","0.000028",15
"0.000001","0.999999",7
"0.000000","1.000000",8
"1.000000","0.000000",21
"0.998374","0.001626",20
"0.999950","0.000050",4
"0.000000","1.000000",13
"0.999883","0.000117",27
"0.999980","0.000020",31
"0.620841","0.379159",6
"0.000000","1.000000",6
"1.000000","0.000000",17
"0.000000","1.000000",6
"0.102471","0.897529",4
"0.099327","0.900673",22
"1.000000","0.000000",23
"0.999913","0.000087",5
"0.000588","0.999412",15
"0.999927","0.000073",8
"0.000000","1.000000",21
"0.984948","0.015052",12
"1.000000","0.000000",6
"0.000000","1.000000",11
"0.000000","1.000000",11
"0.000005","0.999995",16
"1.000000","0.000000",6
"1.000000","0.000000",9
"1.000000","0.000000",4
"0.374789","0.625211",14
"0.999872","0.000128",19
"0.000829","0.999171",20
"0.005082","0.994918",23
"0.001350","0.998650",21
"0.004114","0.995886",26
"0.000000","1.000000",15
"0.998080","0.001920",20
"0.299097","0.700903",6
"1.000000","0.000000",23
"0.000002","0.999998",26
"1.000000","0.000000",13
"1.000000","0.000000",20
"0.000000","1.000000",14
"0.000003","0.999997",27
"0.645562","0.354438",19
"1.000000","0.000000",29
"0.000000","1.000000",20
"0.999078","0.000922",25
"1.000000","0.000000",24
"0.992786","0.007214",24
"0.000011","0.999989",22
"0.013339","0.986661",18
"0.998609","0.001391",7
"0.997048","0.002952",14
"0.992310","0.007690",23
"0.148003","0.851997",10
"0.000000","1.000000",119
"1.000000","0.000000",7
"0.265295","0.734705",29
"0.000000","1.000000",12
"0.000000","1.000000",22
"0.999999","0.000001",5
"0.961132","0.038868",26
"0.000256","0.999744",19
"0.495431","0.504569",1
"0.000000","1.000000",24
"0.003470","0.996530",4
"0.331308","0.668692",18
"0.989365","0.010635",7
"1.000000","0.000000",5
"0.000586","0.999414",27
"0.775473","0.224527",28
"0.999331","0.000669",29
"1.000000","0.000000",4
"0.000010","0.999990",20
"1.000000","0.000000",11
"0.000000","1.000000",27
"1.000000","0.000000",14
"0.999999","0.000001",5
"0.299426","0.700574",19
"1.000000","0.000000",19
"0.999999","0.000001",13
"1.000000","0.000000",6
"1.000000","0.000000",31
"0.000039","0.999961",13
"1.000000","0.000000",9
"0.999827","0.000173",7
"0.495431","0.504569",1
"0.345541","0.654459",2
"0.587819","0.412181",1
"1.000000","0.000000",8
"0.999970","0.000030",12
"0.000000","1.000000",28
"0.987718","0.012282",4
"1.000000","0.000000",30
"1.000000","0.000000",25
"0.008025","0.991975",6
"0.999997","0.000003",29
"0.006935","0.993065",24
"0.587819","0.412181",1
"0.498808","0.501193",27
"0.000393","0.999607",24
"1.000000","0.000000",4
"0.001708","0.998292",24
"0.000005","0.999995",5
"0.000019","0.999981",4
"0.000003","0.999997",11
"0.999881","0.000119",3
"0.999844","0.000156",20
"1.000000","0.000000",9
"0.059848","0.940152",14
"0.688944","0.311056",5
"1.000000","0.000000",6
"0.356864","0.643136",5
"0.000000","1.000000",4
"0.081586","0.918414",15
"0.000000","1.000000",30
"0.004636","0.995364",26
"0.996718","0.003282",15
"1.000000","0.000000",26
"1.000000","0.000000",14
"0.998911","0.001089",30
"0.999995","0.000005",13
"1.000000","0.000000",27
"0.123946","0.876054",12
"0.000005","0.999995",19
"0.106164","0.893836",11
"0.000000","1.000000",10
"1.000000","0.000000",28
"1.000000","0.000000",11
"1.000000","0.000000",11
"1.000000","0.000000",4
"0.005919","0.994081",13
"0.008047","0.991953",10
"1.000000","0.000000",22
"1.000000","0.000000",22
"0.495431","0.504569",1
"0.031040","0.968960",4
"0.495431","0.504569",1
"1.000000","0.000000",26
"0.999648","0.000352",30
"0.999908","0.000092",18
"1.000000","0.000000",17
"1.000000","0.000000",20
"0.957483","0.042517",3
"0.999999","0.000001",15
"0.000000","1.000000",24
"0.595406","0.404594",25
"0.022131","0.977869",23
"0.000003","0.999997",12
"0.999987","0.000013",18
"0.185558","0.814442",6
"0.000000","1.000000",14
"1.000000","0.000000",8
"0.999998","0.000002",28
"0.010472","0.989528",12
"0.999988","0.000012",21
"0.999996","0.000004",33
"0.999826","0.000174",27
"1.000000","0.000000",4
"0.000086","0.999914",23
"0.962653","0.037347",14
"0.001256","0.998744",4
"0.999996","0.000004",12
"0.986997","0.013003",24
"0.999918","0.000082",22
"0.068010","0.931990",23
"0.000001","1.000000",22
"0.983812","0.016188",14
"0.587819","0.412181",1
"0.203928","0.796072",6
"0.999998","0.000002",22
"0.987756","0.012243",13
"0.000046","0.999954",9
"0.891123","0.108877",11
"0.587819","0.412181",1
"0.887516","0.112484",29
"0.361969","0.638031",18
"0.435061","0.564939",7
"0.986034","0.013966",23
"0.446155","0.553845",3
"0.001976","0.998024",40
"0.023216","0.976784",23
"1.000000","0.000000",6
"0.000063","0.999937",18
"0.999964","0.000036",19
"0.973370","0.026630",19
"0.000000","1.000000",20
"0.953457","0.046543",26
"0.973004","0.026996",5
"0.054449","0.945551",16
"0.986368","0.013632",26
"0.045987","0.954013",27
"0.999989","0.000011",28
"0.701988","0.298012",27
"1.000000","0.000000",25
"0.587819","0.412181",1
"0.002506","0.997494",25
"0.942675","0.057325",16
"0.998821","0.001179",27
"0.999993","0.000007",23
"0.000000","1.000000",7
"1.000000","0.000000",6
"0.996137","0.003863",4
"0.798399","0.201601",20
"0.000000","1.000000",14
"1.000000","0.000000",23
"1.000000","0.000000",23
"1.000000","0.000000",7
"0.946630","0.053370",13
"0.999523","0.000477",25
"1.000000","0.000000",26
"0.495431","0.504569",1
"0.999532","0.000468",3
"1.000000","0.000000",15
"0.999999","0.000001",17
"0.999078","0.000922",12
"1.000000","0.000000",17
"0.000000","1.000000",36
"1.000000","0.000000",24
"1.000000","0.000000",22
"0.997681","0.002319",7
"1.000000","0.000000",23
"1.000000","0.000000",20
"0.000000","1.000000",7
"0.025518","0.974482",28
"0.001591","0.998409",4
"0.999143","0.000857",8
"0.495431","0.504569",1
"0.495431","0.504569",1
"0.518401","0.481599",2
"0.000000","1.000000",9
"0.999931","0.000069",20
"0.029924","0.970076",6
"0.505580","0.494420",8
"0.008870","0.991130",8
"0.518401","0.481599",2
"0.587819","0.412181",1
"0.000001","0.999999",7
"0.587819","0.412181",1
"0.999986","0.000014",15
"0.000015","0.999985",24
"1.000000","0.000000",19
"1.000000","0.000000",26
"0.994393","0.005607",7
"0.000003","0.999997",23
"0.028151","0.971849",9
"0.587819","0.412181",1
"0.999579","0.000421",20
"0.999883","0.000117",23
"0.411005","0.588995",4
"0.011162","0.988837",14
"0.997951","0.002049",4
"1.000000","0.000000",8
"0.518401","0.481599",2
"0.434092","0.565908",6
"1.000000","0.000000",2
"0.000003","0.999997",6
"0.999976","0.000024",10
"0.999526","0.000474",4
"0.004757","0.995243",2
"0.035578","0.964422",3
"0.000000","1.000000",12
"1.000000","0.000000",15
"0.000001","0.999999",9
"0.999999","0.000001",20
"0.000000","1.000000",17
"0.893266","0.106734",24
"0.999988","0.000012",17
"0.495431","0.504569",1
"0.999910","0.000090",24
"0.992440","0.007561",25
"0.003978","0.996022",20
"0.008685","0.991315",20
"0.000140","0.999860",23
"0.052346","0.947654",21
"0.048442","0.951558",25
"1.000000","0.000000",8
"0.985705","0.014295",5
"0.846396","0.153604",17
"0.999707","0.000293",23
"1.000000","0.000000",20
"0.999966","0.000034",24
"0.000000","1.000000",21
"0.000425","0.999575",27
"1.000000","0.000000",14
"0.999997","0.000003",24
"0.155257","0.844743",28
"0.326554","0.673446",22
"1.000000","0.000000",15
"0.395860","0.604140",19
"1.000000","0.000000",29
"1.000000","0.000000",24
"1.000000","0.000000",22
"1.000000","0.000000",10
"0.000018","0.999982",29
"0.999998","0.000002",23
"1.000000","0.000000",17
"0.998341","0.001659",21
"1.000000","0.000000",30
"0.624399","0.375601",28
"0.000023","0.999977",22
"1.000000","0.000000",16
"0.999759","0.000241",16
"1.000000","0.000000",16
"1.000000","0.000000",25
"0.006451","0.993549",19
"0.998510","0.001490",22
"0.000000","1.000000",14
"0.000027","0.999973",23
"0.019954","0.980046",15
"0.000000","1.000000",22
"0.000018","0.999982",26
"0.000030","0.999970",29
"0.989090","0.010910",20
"0.996949","0.003051",19
"0.999399","0.000601",24
"0.999998","0.000002",24
"0.008056","0.991944",30
"0.865869","0.134131",19
"0.474839","0.525161",13
"1.000000","0.000000",5
"1.000000","0.000000",18
"0.000000","1.000000",23
"0.000036","0.999964",13
"0.000004","0.999996",17
"0.000004","0.999996",6
"1.000000","0.000000",23
"0.959152","0.040848",30
"0.159850","0.840150",3
"0.000028","0.999972",5
"1.000000","0.000000",23
"1.000000","0.000000",7
"0.283736","0.716264",31
"0.999976","0.000024",15
"0.673885","0.326115",23
"1.000000","0.000000",3
"0.000000","1.000000",29
"0.632376","0.367624",15
"0.947131","0.052869",23
"0.999910","0.000090",28
"0.999976","0.000024",11
"0.179726","0.820275",92
"0.999999","0.000001",20
"0.999908","0.000092",22
"0.737879","0.262121",27
"0.241587","0.758413",5
"0.276717","0.723283",27
"0.345336","0.654664",26
"1.000000","0.000000",24
"0.500721","0.499279",23
"0.000928","0.999072",13
"0.143301","0.856700",14
"0.004208","0.995792",26
"1.000000","0.000000",29
"0.999996","0.000004",26
"1.000000","0.000000",20
"1.000000","0.000000",4
"0.999816","0.000184",6
"0.216097","0.783903",28
"0.159850","0.840150",3
"1.000000","0.000000",9
"0.165223","0.834777",17
"0.587819","0.412181",1
"0.587819","0.412181",1
"0.004777","0.995223",17
"0.852061","0.147939",22
"0.939329","0.060671",23
"0.999943","0.000057",7
"0.999998","0.000002",8
"0.959638","0.040362",11
"0.000005","0.999995",5
"0.000005","0.999995",5
"0.999935","0.000065",10
"1.000000","0.000000",17
"0.011862","0.988138",6
"0.001935","0.998065",19
"0.581111","0.418889",22
"1.000000","0.000000",13
"0.996687","0.003313",10
"1.000000","0.000000",10
"0.012904","0.987096",15
"0.000016","0.999984",13
"0.693434","0.306566",3
"0.495431","0.504569",1
"0.901982","0.098018",2
"0.999608","0.000392",24
"1.000000","0.000000",3
"0.998053","0.001947",24
"0.001549","0.998451",19
"0.003376","0.996624",21
"1.000000","0.000000",12
"1.000000","0.000000",9
"0.229977","0.770023",26
"0.001256","0.998744",4
"0.000000","1.000000",19
"0.999998","0.000002",8
"0.021318","0.978682",18
"0.478191","0.521809",22
"0.626173","0.373827",20
"1.000000","0.000000",21
"0.946395","0.053605",8
"0.961619","0.038381",23
"0.999985","0.000015",14
"0.999987","0.000013",31
"0.007536","0.992464",6
"0.999912","0.000088",3
"0.999912","0.000088",3
"0.999912","0.000088",3
"0.274862","0.725138",3
"0.000000","1.000000",20
"0.999717","0.000283",19
"0.999973","0.000027",16
"1.000000","0.000000",10
"0.999621","0.000379",22
"0.025642","0.974358",2
"0.000015","0.999985",47
"0.754483","0.245517",13
"0.000000","1.000000",14
"0.999629","0.000371",15
"0.999949","0.000051",19
"0.601774","0.398227",21
"0.043065","0.956935",21
"0.837760","0.162240",20
"1.000000","0.000000",4
"0.970003","0.029997",13
"0.159850","0.840150",3
"1.000000","0.000000",16
"0.902105","0.097895",4
"0.874922","0.125078",13
"0.000001","0.999999",25
"0.999529","0.000471",22
"0.159850","0.840150",3
"0.004777","0.995223",17
"0.587819","0.412181",1
"0.528476","0.471524",2
"0.518401","0.481599",2
"0.000008","0.999992",30
"1.000000","0.000000",28
"0.000001","0.999999",8
"0.987703","0.012297",6
"0.107392","0.892608",28
"0.999612","0.000388",7
"1.000000","0.000000",8
"0.000000","1.000000",11
"1.000000","0.000000",17
"0.000003","0.999997",11
"0.999795","0.000205",5
"0.495431","0.504569",1
"0.790198","0.209802",8
"1.000000","0.000000",8
"0.006157","0.993843",15
"0.999989","0.000011",14
"0.465599","0.534401",1
"0.000000","1.000000",15
"1.000000","0.000000",23
"1.000000","0.000000",7
"0.981657","0.018343",21
"0.982919","0.017081",10
"0.999084","0.000916",5
"0.999997","0.000002",15
"1.000000","0.000000",10
"0.999230","0.000770",15
"0.000027","0.999973",7
"0.000000","1.000000",11
"1.000000","0.000000",5
"0.999999","0.000001",6
"0.248243","0.751757",2
"0.999999","0.000001",25
"0.001130","0.998870",19
"1.000000","0.000000",7
"0.159850","0.840150",3
"1.000000","0.000000",20
"0.000605","0.999395",17
"1.000000","0.000000",10
"0.999941","0.000058",5
"0.990551","0.009449",13
"0.768398","0.231602",11
"1.000000","0.000000",25
"1.000000","0.000000",3
"0.957569","0.042431",2
"0.999512","0.000488",8
"0.999744","0.000256",19
"0.999993","0.000007",28
"0.999805","0.000195",9
"0.000230","0.999770",4
"1.000000","0.000000",20
"0.999741","0.000259",6
"0.000000","1.000000",16
"0.193000","0.807000",16
"0.000000","1.000000",11
"0.984958","0.015042",15
"0.784691","0.215309",7
"0.000003","0.999997",6
"1.000000","0.000000",18
"0.000000","1.000000",11
"0.347459","0.652541",24
"0.999999","0.000001",21
"0.000224","0.999776",12
"0.000001","0.999999",7
"1.000000","0.000000",17
"0.587819","0.412181",1
"0.000001","0.999999",55
"0.862618","0.137382",8
"0.000005","0.999995",27
"1.000000","0.000000",28
"1.000000","0.000000",22
"0.999905","0.000095",6
"1.000000","0.000000",16
"1.000000","0.000000",3
"0.495431","0.504569",1
"0.063779","0.936221",20
"0.999962","0.000038",9
"0.518401","0.481599",2
"0.000000","1.000000",5
"0.041746","0.958254",26
"1.000000","0.000000",27
"0.406248","0.593752",15
"0.999986","0.000014",19
"0.495431","0.504569",1
"0.518401","0.481599",2
"0.999650","0.000350",7
"1.000000","0.000000",22
"1.000000","0.000000",27
"0.999658","0.000343",10
"0.999965","0.000035",27
"1.000000","0.000000",10
"0.009344","0.990656",11
"0.159850","0.840150",3
"0.999350","0.000650",11
"0.000000","1.000000",18
"0.000011","0.999989",8
"1.000000","0.000000",23
"1.000000","0.000000",5
"0.006243","0.993757",9
"0.999135","0.000865",22
"0.999947","0.000053",24
"0.022620","0.977380",22
"0.078471","0.921529",17
"0.518401","0.481599",2
"0.518401","0.481599",2
"0.518401","0.481599",2
"1.000000","0.000000",22
"1.000000","0.000000",9
"0.000000","1.000000",8
"1.000000","0.000000",26
"0.708418","0.291582",9
"0.000001","0.999999",20
"0.632411","0.367589",17
"1.000000","0.000000",14
"1.000000","0.000000",27
"1.000000","0.000000",11
"0.000363","0.999637",29
"0.697387","0.302613",1
"0.999996","0.000004",10
"0.788434","0.211566",13
"0.999996","0.000004",4
"0.999536","0.000464",10
"0.006214","0.993786",4
"0.006214","0.993786",4
"0.037584","0.962416",4
"0.796542","0.203458",3
"0.446520","0.553480",5
"0.928063","0.071937",27
"0.006455","0.993545",5
"0.989808","0.010192",22
"0.000099","0.999901",20
"0.999999","0.000001",24
"0.587819","0.412181",1
"0.000006","0.999994",9
"0.999039","0.000961",8
"0.000041","0.999959",23
"0.005159","0.994841",10
"0.000630","0.999370",23
"1.000000","0.000000",29
"0.159850","0.840150",3
"1.000000","0.000000",5
"0.999970","0.000030",6
"0.996749","0.003251",20
"0.019031","0.980969",17
"0.095413","0.904587",25
"0.999985","0.000016",22
"0.002330","0.997670",16
"1.000000","0.000000",11
"0.000002","0.999998",22
"0.095920","0.904080",20
"0.953588","0.046412",21
"0.000024","0.999976",14
"0.006455","0.993545",5
"0.868141","0.131859",26
"0.002250","0.997750",25
"0.003470","0.996530",4
"0.001011","0.998989",13
"0.993618","0.006382",28
"0.003735","0.996265",5
"0.000149","0.999851",14
"0.000006","0.999994",14
"0.000003","0.999997",6
"0.002929","0.997071",25
"0.000024","0.999976",14
"1.000000","0.000000",23
"0.999566","0.000434",19
"0.997149","0.002851",24
"0.322623","0.677377",24
"0.999962","0.000038",9
"0.000000","1.000000",11
"0.998452","0.001548",12
"0.619924","0.380076",22
"0.000002","0.999997",10
"0.000000","1.000000",11
"0.000000","1.000000",17
"1.000000","0.000000",20
"0.000000","1.000000",9
"0.000066","0.999934",25
"0.001253","0.998747",23
"0.000971","0.999029",26
"0.142003","0.857997",21
"0.000034","0.999966",24
"0.006607","0.993393",12
"0.000002","0.999998",25
"0.000362","0.999638",22
"0.999997","0.000003",27
"0.868314","0.131686",19
"1.000000","0.000000",10
"0.751635","0.248365",20
"1.000000","0.000000",8
"0.805817","0.194183",19
"0.999793","0.000207",13
"1.000000","0.000000",33
"0.000000","1.000000",27
"0.006455","0.993545",5
"0.481334","0.518666",8
"0.527726","0.472274",6
"1.000000","0.000000",23
"0.000002","0.999998",13
"0.000008","0.999992",21
"0.000037","0.999963",17
"1.000000","0.000000",17
"0.125874","0.874126",23
"0.000032","0.999968",25
"1.000000","0.000000",23
"0.999999","0.000001",14
"0.006469","0.993531",16
"0.000200","0.999800",22
"0.012341","0.987659",12
"1.000000","0.000000",25
"1.000000","0.000000",23
"0.000019","0.999981",10
"0.076339","0.923661",10
"0.001644","0.998356",12
"0.000000","1.000000",19
"0.999694","0.000306",26
"0.830132","0.169868",2
"0.000006","0.999994",10
"0.000002","0.999998",20
"0.000004","0.999996",6
"0.803575","0.196425",14
"1.000000","0.000000",23
"0.000019","0.999981",10
"0.967586","0.032414",10
"0.028857","0.971143",24
"0.000000","1.000000",12
"0.992144","0.007857",5
"0.000000","1.000000",21
"0.255567","0.744433",23
"0.999821","0.000179",20
"0.000000","1.000000",22
"0.999212","0.000788",25
"1.000000","0.000000",27
"0.212602","0.787398",24
"0.641544","0.358456",21
"0.999999","0.000001",17
"1.000000","0.000000",4
"1.000000","0.000000",24
"0.999997","0.000003",24
"0.998685","0.001315",2
"0.000001","1.000000",20
"0.000000","1.000000",21
"1.000000","0.000000",25
"0.495431","0.504569",1
"0.495431","0.504569",1
"1.000000","0.000000",11
"0.011564","0.988436",19
"0.915093","0.084907",3
"0.999980","0.000020",21
"0.194227","0.805773",14
"0.990043","0.009957",13
"0.984400","0.015599",6
"0.999849","0.000151",2
"0.002679","0.997321",5
"0.233700","0.766300",24
"0.000128","0.999872",20
"0.997435","0.002565",20
"0.987857","0.012143",8
"0.078471","0.921529",17
"0.999849","0.000151",14
"0.000000","1.000000",19
"0.999996","0.000004",27
"1.000000","0.000000",13
"0.000443","0.999557",11
"0.234096","0.765904",19
"0.301020","0.698980",12
"0.999997","0.000002",31
"0.999992","0.000007",25
"0.091464","0.908536",19
"0.503992","0.496008",7
"0.102996","0.897004",7
"0.000000","1.000000",6
"0.000000","1.000000",10
"0.469333","0.530667",34
"0.479549","0.520451",11
"0.034846","0.965154",13
"0.289463","0.710537",28
"1.000000","0.000000",75
"0.587819","0.412181",1
"1.000000","0.000000",27
"1.000000","0.000000",25
"0.952093","0.047907",14
"0.999981","0.000019",21
"0.004705","0.995295",18
"0.000000","1.000000",8
"0.615166","0.384834",21
"0.476371","0.523629",28
"0.768378","0.231622",9
"0.000000","1.000000",17
"0.000002","0.999998",14
"0.993368","0.006632",13
"0.000000","1.000000",11
"0.999989","0.000011",17
"0.999958","0.000042",20
"0.998865","0.001135",24
"0.999183","0.000817",8
"0.008394","0.991606",23
"0.155853","0.844147",21
"0.059110","0.940890",6
"0.000105","0.999895",14
"0.968092","0.031908",7
"0.106165","0.893835",11
"1.000000","0.000000",17
"0.000000","1.000000",10
"0.000000","1.000000",20
"0.000924","0.999076",27
"1.000000","0.000000",21
"0.999443","0.000557",25
"0.000008","0.999992",7
"0.003015","0.996985",11
"0.000011","0.999989",23
"0.000000","1.000000",21
"1.000000","0.000000",25
"0.999682","0.000318",21
"1.000000","0.000000",12
"0.495431","0.504569",1
"1.000000","0.000000",28
"0.703549","0.296451",22
"0.000027","0.999973",20
"0.000000","1.000000",13
"0.005926","0.994074",18
"0.998756","0.001244",9
"0.999717","0.000283",11
"0.001676","0.998324",19
"0.008380","0.991620",16
"0.999999","0.000001",10
"0.999988","0.000012",26
"0.587819","0.412181",1
"0.518401","0.481599",2
"0.961998","0.038002",5
"0.496073","0.503927",4
"1.000000","0.000000",9
"0.000000","1.000000",17
"1.000000","0.000000",21
"1.000000","0.000000",10
"1.000000","0.000000",20
"0.684540","0.315460",18
"1.000000","0.000000",19
"1.000000","0.000000",6
"0.000003","0.999997",6
"1.000000","0.000000",21
"1.000000","0.000000",19
"1.000000","0.000000",18
"0.000000","1.000000",40
"0.000001","0.999999",9
"0.959402","0.040598",4
"0.495431","0.504569",1
"0.999317","0.000683",6
"0.999996","0.000004",8
"0.006205","0.993795",25
"0.495431","0.504569",1
"0.200899","0.799101",7
"0.999806","0.000194",9
"0.000001","0.999999",7
"1.000000","0.000000",27
"0.999910","0.000090",25
"0.997414","0.002586",23
"0.999894","0.000106",26
"0.001688","0.998312",9
"0.904338","0.095662",27
"1.000000","0.000000",5
"0.019556","0.980444",19
"0.000000","1.000000",13
"0.999989","0.000011",33
"1.000000","0.000000",8
"0.000019","0.999981",3
"0.979190","0.020810",3
"0.999999","0.000001",17
"0.587819","0.412181",1
"0.999290","0.000709",24
"0.034747","0.965253",13
"0.000000","1.000000",8
"0.587819","0.412181",1
"0.587819","0.412181",1
"0.000000","1.000000",6
"0.024142","0.975858",24
"0.999830","0.000170",19
"0.804492","0.195508",23
"1.000000","0.000000",12
"1.000000","0.000000",6
"0.968125","0.031875",23
"1.000000","0.000000",12
"0.150559","0.849441",12
"0.558803","0.441197",22
"0.000196","0.999804",16
"0.000000","1.000000",9
"0.999961","0.000039",31
"0.000003","0.999997",20
"0.744406","0.255594",23
"0.000008","0.999992",15
"0.495431","0.504569",1
"0.999969","0.000031",4
"0.999923","0.000077",7
"0.000000","1.000000",17
"0.000032","0.999968",23
"0.013673","0.986327",12
"0.587819","0.412181",1
"0.903379","0.096621",15
"1.000000","0.000000",8
"1.000000","0.000001",23
"0.999984","0.000016",26
"1.000000","0.000000",10
"0.587819","0.412181",1
"0.999991","0.000009",6
"0.999972","0.000028",3
"0.000003","0.999997",6
"0.999957","0.000043",3
"0.587819","0.412181",1
"0.737041","0.262959",15
"0.000999","0.999001",21
"0.999999","0.000001",11
"0.000107","0.999893",28
"1.000000","0.000000",25
"0.000037","0.999963",18
"0.999996","0.000004",12
"0.365565","0.634435",20
"0.995948","0.004052",8
"1.000000","0.000000",10
"0.016717","0.983283",8
"0.000002","0.999998",23
"0.896018","0.103982",9
"0.495431","0.504569",1
"0.999950","0.000050",18
"0.000003","0.999997",15
"0.518401","0.481599",2
"0.518401","0.481599",2
"0.887557","0.112443",8
"0.964966","0.035034",17
"0.980631","0.019369",25
"0.999996","0.000004",27
"0.000001","0.999999",34
"1.000000","0.000000",24
"0.587819","0.412181",1
"0.000000","1.000000",34
"0.855492","0.144508",19
"0.000000","1.000000",13
"0.000496","0.999504",14
"0.465650","0.534350",16
"0.003470","0.996530",4
"0.999988","0.000012",24
"1.000000","0.000000",16
"0.999989","0.000011",21
"0.996109","0.003891",30
"0.000005","0.999995",28
"0.997290","0.002710",21
"0.999996","0.000004",19
"0.587819","0.412181",1
"0.997333","0.002667",3
"0.000583","0.999417",9
"0.037053","0.962947",4
"1.000000","0.000000",16
"0.033351","0.966649",25
"0.050427","0.949573",24
"0.495431","0.504569",1
"0.999996","0.000004",21
"1.000000","0.000000",14
"0.999985","0.000015",21
"0.000000","1.000000",20
"0.001141","0.998859",18
"0.999153","0.000847",19
"0.999936","0.000064",16
"1.000000","0.000000",23
"0.993549","0.006451",11
"0.992526","0.007474",2
"0.999984","0.000016",24
"0.999999","0.000001",32
"0.999931","0.000069",17
"0.999999","0.000001",5
"0.927886","0.072114",18
"1.000000","0.000000",17
"0.897534","0.102466",21
"0.999883","0.000117",11
"0.036873","0.963127",12
"1.000000","0.000000",24
"1.000000","0.000000",8
"0.000000","1.000000",6
"0.999977","0.000023",22
"0.001938","0.998062",5
"0.000000","1.000000",5
"0.000500","0.999500",5
"0.000068","0.999932",12
"0.000001","0.999999",32
"1.000000","0.000000",8
"0.010855","0.989145",28
"0.000000","1.000000",7
"0.000115","0.999885",6
"1.000000","0.000000",4
"0.999417","0.000583",8
"0.000275","0.999725",7
"1.000000","0.000000",4
"0.999999","0.000001",7
"0.000000","1.000000",7
"0.001449","0.998551",6
"0.254828","0.745172",6
"1.000000","0.000000",10
"0.598617","0.401383",4
"0.001262","0.998738",7
"0.551019","0.448981",4
"0.254825","0.745175",4
"0.996103","0.003897",3
"0.173335","0.826665",13
"0.999129","0.000871",8
"0.996839","0.003161",6
"0.008452","0.991548",9
"0.837548","0.162452",3
"0.957024","0.042976",4
"1.000000","0.000000",23
"1.000000","0.000000",5
"0.000000","1.000000",8
"0.000002","0.999998",4
"1.000000","0.000000",8
"0.005131","0.994869",6
"0.815094","0.184906",7
"0.008717","0.991283",4
"0.999640","0.000360",9
"0.954213","0.045787",4
"0.000000","1.000000",25
"0.014766","0.985234",4
"0.999997","0.000003",12
"1.000000","0.000000",7
"1.000000","0.000000",7
"1.000000","0.000000",7
"1.000000","0.000000",5
"1.000000","0.000000",7
"1.000000","0.000000",8
"1.000000","0.000000",13
"1.000000","0.000000",8
"0.069874","0.930126",5
"0.003470","0.996530",4
"0.000001","0.999999",20
"0.041398","0.958602",19
"0.001580","0.998420",6
"0.988889","0.011111",2
"0.000000","1.000000",7
"1.000000","0.000000",7
"0.999695","0.000305",7
"0.006225","0.993775",11
"0.481894","0.518106",7
"1.000000","0.000000",6
"1.000000","0.000000",8
"0.999999","0.000001",8
"1.000000","0.000000",6
"0.999801","0.000199",13
"0.000000","1.000000",10
"0.000000","1.000000",7
"0.999645","0.000355",22
"0.000000","1.000000",8
"0.518401","0.481599",2
"1.000000","0.000000",14
"0.377835","0.622165",7
"0.000168","0.999832",5
"0.932777","0.067223",8
"0.996707","0.003293",8
"0.999936","0.000064",4
"0.518401","0.481599",2
"0.999781","0.000219",4
"0.043991","0.956009",9
"0.999996","0.000004",3
"0.173865","0.826135",10
"0.999881","0.000119",3
"0.999881","0.000119",3
"0.000000","1.000000",10
"0.495431","0.504569",1
"0.004045","0.995955",12
"0.999999","0.000001",8
"0.439191","0.560809",3
"1.000000","0.000000",6
"0.000261","0.999739",4
"1.000000","0.000000",7
"0.147798","0.852202",4
"0.000003","0.999997",5
"0.999956","0.000044",7
"0.000000","1.000000",7
"0.000023","0.999977",8
"0.019945","0.980055",4
"0.009529","0.990471",4
"1.000000","0.000000",8
"1.000000","0.000000",4
"0.006894","0.993106",4
"0.994462","0.005538",5
"0.000197","0.999803",18
"0.996435","0.003565",4
"0.004045","0.995955",12
"1.000000","0.000000",8
"0.495431","0.504569",1
"0.495431","0.504569",1
"0.999940","0.000060",10
"0.000014","0.999986",4
"0.003997","0.996003",9
"1.000000","0.000000",8
"0.999939","0.000061",7
"0.999435","0.000565",3
"0.444791","0.555209",7
"0.000000","1.000000",14
"0.387459","0.612541",21
"0.000124","0.999876",5
"0.999953","0.000047",5
"1.000000","0.000000",4
"0.515362","0.484638",9
"0.001256","0.998744",4
"0.254703","0.745297",7
"1.000000","0.000000",15
"0.030501","0.969499",5
"0.988886","0.011115",5
"0.988254","0.011746",9
"0.000324","0.999676",12
"0.999417","0.000583",8
"0.998448","0.001552",3
"0.999381","0.000619",17
"1.000000","0.000000",8
"0.000243","0.999757",6
"1.000000","0.000000",2
"0.996611","0.003389",18
"0.000073","0.999927",7
"0.317477","0.682523",6
"0.998117","0.001883",9
"0.998880","0.001120",4
"0.695943","0.304057",5
"0.551019","0.448981",4
"0.541255","0.458745",3
"0.994817","0.005183",6
"1.000000","0.000000",8
"0.999589","0.000411",7
"0.946923","0.053077",7
"0.006813","0.993187",4
"0.000079","0.999921",5
"0.189075","0.810925",4
"0.004045","0.995955",12
"1.000000","0.000000",8
"0.000000","1.000000",7
"1.000000","0.000000",9
"0.999251","0.000749",5
"1.000000","0.000000",5
"0.474995","0.525005",3
"0.998296","0.001704",6
"1.000000","0.000000",5
"0.948190","0.051810",5
"0.944868","0.055132",8
"1.000000","0.000000",4
"0.008884","0.991116",5
"0.999695","0.000305",7
"0.998891","0.001109",6
"0.993695","0.006305",8
"0.999709","0.000291",7
"0.999995","0.000005",4
"0.518401","0.481599",2
"0.990926","0.009074",4
"1.000000","0.000000",4
"0.674627","0.325373",3
"0.001256","0.998744",4
"1.000000","0.000000",5
"0.589636","0.410364",5
"0.000012","0.999988",5
"0.004045","0.995955",12
"0.999999","0.000001",8
"0.336777","0.663223",12
"0.012715","0.987285",3
"0.000000","1.000000",6
"1.000000","0.000000",7
"0.000000","1.000000",10
"0.577715","0.422285",6
"0.000054","0.999946",6
"1.000000","0.000000",8
"0.495431","0.504569",1
"0.030599","0.969401",15
"0.981166","0.018834",26
"0.446726","0.553274",3
"0.587819","0.412181",1
"1.000000","0.000000",9
"0.855239","0.144761",3
"0.004045","0.995955",12
"1.000000","0.000000",8
"0.301612","0.698388",5
"1.000000","0.000000",7
"0.000000","1.000000",7
"0.551019","0.448981",4
"0.594681","0.405319",4
"0.594681","0.405319",4
"1.000000","0.000000",8
"0.022307","0.977693",7
"0.006866","0.993134",6
"0.672341","0.327659",5
"0.999976","0.000024",19
"0.000000","1.000000",13
"0.700629","0.299371",6
"0.992741","0.007259",4
"0.121695","0.878305",6
"0.238814","0.761186",3
"0.000000","1.000000",6
"0.006910","0.993090",6
"0.000021","0.999979",13
"1.000000","0.000000",8
"0.839811","0.160189",6
"0.604536","0.395464",4
"0.999417","0.000583",8
"0.090617","0.909383",5
"0.934760","0.065240",9
"1.000000","0.000000",7
"1.000000","0.000000",7
"0.999997","0.000003",6
"0.004045","0.995955",12
"1.000000","0.000000",8
"0.006882","0.993118",9
"0.000004","0.999996",9
"0.997263","0.002737",4
"0.311449","0.688551",4
"0.003068","0.996932",27
"1.000000","0.000000",6
"0.022307","0.977693",7
"0.348991","0.651009",3
"0.999727","0.000273",5
"0.981218","0.018782",6
"0.005528","0.994472",7
"0.993695","0.006305",8
"1.000000","0.000000",6
"0.992741","0.007259",4
"1.000000","0.000000",8
"0.998005","0.001995",9
"0.809153","0.190847",4
"0.000056","0.999944",13
"0.999999","0.000001",8
"0.000422","0.999578",8
"0.000013","0.999987",17
"0.674627","0.325373",3
"1.000000","0.000000",10
"0.998296","0.001704",6
"1.000000","0.000000",8
"1.000000","0.000000",6
"0.999445","0.000555",7
"1.000000","0.000000",8
"0.999877","0.000123",6
"0.250612","0.749388",4
"0.999880","0.000120",13
"1.000000","0.000000",5
"0.999936","0.000064",9
"0.999998","0.000002",23
"0.957455","0.042545",7
"0.139802","0.860198",6
"1.000000","0.000000",7
"0.004045","0.995955",12
"1.000000","0.000000",8
"0.000447","0.999553",25
"1.000000","0.000000",6
"1.000000","0.000000",6
"1.000000","0.000000",6
"0.999951","0.000050",6
"0.999995","0.000005",5
"1.000000","0.000000",8
"0.002137","0.997863",13
"0.999096","0.000904",7
"0.000042","0.999958",5
"0.999602","0.000398",11
"0.285129","0.714871",4
"1.000000","0.000000",5
"1.000000","0.000000",5
"0.999608","0.000392",3
"1.000000","0.000000",4
"0.000000","1.000000",5
"0.000000","1.000000",9
"0.999982","0.000019",7
"0.000058","0.999942",6
"1.000000","0.000000",9
"0.004045","0.995955",12
"1.000000","0.000000",8
"0.529184","0.470816",9
"1.000000","0.000000",9
"1.000000","0.000000",9
"0.000000","1.000000",7
"1.000000","0.000000",8
"0.106856","0.893143",7
"0.999999","0.000001",5
"0.008756","0.991244",4
"1.000000","0.000000",8
"0.012352","0.987648",5
"0.587819","0.412181",1
"0.000153","0.999847",5
"0.551019","0.448981",4
"0.931178","0.068822",8
"0.999981","0.000019",7
"0.602347","0.397653",3
"1.000000","0.000000",8
"0.999968","0.000032",13
"1.000000","0.000000",7
"1.000000","0.000000",8
"0.999835","0.000165",3
"0.996103","0.003897",3
"1.000000","0.000000",5
"1.000000","0.000000",9
"0.109993","0.890007",6
"0.999996","0.000004",7
"1.000000","0.000000",7
"1.000000","0.000000",6
"0.004600","0.995400",8
"1.000000","0.000000",7
"1.000000","0.000000",4
"0.993734","0.006266",7
"1.000000","0.000000",8
"0.999522","0.000478",14
"0.012352","0.987648",5
"1.000000","0.000000",6
"0.990926","0.009074",4
"0.000002","0.999998",3
"0.999987","0.000012",4
"0.000000","1.000000",9
"0.000000","1.000000",8
"0.000003","0.999997",9
"0.999881","0.000119",3
"0.999795","0.000205",8
"0.000002","0.999998",5
"0.999995","0.000005",5
"0.004045","0.995955",12
"0.993695","0.006305",8
"1.000000","0.000000",8
"1.000000","0.000000",7
"0.998296","0.001704",6
"0.000072","0.999928",4
"0.000000","1.000000",22
"0.997509","0.002491",22
"0.874561","0.125439",4
"0.995805","0.004195",6
"0.000530","0.999470",3
"0.007782","0.992218",3
"1.000000","0.000000",6
"0.999998","0.000002",16
"1.000000","0.000000",8
"0.992168","0.007832",6
"1.000000","0.000000",7
"0.966494","0.033506",3
"0.990852","0.009148",8
"0.139183","0.860817",7
"0.998033","0.001967",9
"0.984887","0.015113",9
"0.004045","0.995955",12
"1.000000","0.000000",8
"0.159850","0.840150",3
"0.221537","0.778463",4
"0.503750","0.496250",5
"1.000000","0.000000",6
"1.000000","0.000000",8
"0.002112","0.997888",3
"0.999889","0.000111",4
"0.014893","0.985107",20
"0.999096","0.000904",7
"1.000000","0.000000",8
"0.191522","0.808478",4
"0.000135","0.999865",3
"0.998701","0.001299",10
"0.238814","0.761186",3
"1.000000","0.000000",9
"0.966060","0.033940",7
"0.999997","0.000003",6
"1.000000","0.000000",4
"0.998448","0.001552",3
"0.495431","0.504569",1
"0.999442","0.000558",11
"0.420875","0.579126",3
"0.997627","0.002373",7
"0.000324","0.999676",12
"1.000000","0.000000",8
"0.680536","0.319464",9
"0.878947","0.121053",5
"0.999449","0.000551",7
"1.000000","0.000000",10
"1.000000","0.000000",6
"0.804697","0.195303",21
"1.000000","0.000000",7
"1.000000","0.000000",8
"1.000000","0.000000",9
"0.998805","0.001195",32
"0.976932","0.023068",7
"0.999915","0.000085",6
"0.999025","0.000976",6
"0.833663","0.166337",23
"0.703298","0.296702",3
"0.005455","0.994545",13
"1.000000","0.000000",8
"0.997231","0.002769",5
"0.999995","0.000006",5
"0.045416","0.954584",7
"0.895073","0.104927",2
"1.000000","0.000000",8
"0.000000","1.000000",9
"1.000000","0.000000",5
"0.004045","0.995955",12
"0.147697","0.852303",3
"1.000000","0.000000",8
"0.964879","0.035121",10
"0.000001","0.999999",7
"1.000000","0.000000",7
"0.003470","0.996530",4
"1.000000","0.000000",8
"0.000160","0.999840",8
"0.000000","1.000000",6
"1.000000","0.000000",7
"0.999921","0.000079",3
"0.405073","0.594927",6
"0.999975","0.000025",4
"0.999461","0.000539",7
"0.004045","0.995955",12
"0.010187","0.989813",5
"1.000000","0.000000",8
"0.000812","0.999188",8
"0.054742","0.945258",24
"0.998412","0.001588",4
"0.013687","0.986313",5
"0.989952","0.010048",6
"0.000064","0.999936",10
"0.250622","0.749378",9
"0.028765","0.971235",15
"0.051191","0.948809",3
"0.055568","0.944432",4
"1.000000","0.000000",8
"0.864316","0.135684",18
"0.000001","0.999999",5
"0.000722","0.999278",4
"0.908701","0.091299",22
"0.944960","0.055040",5
"0.242199","0.757800",3
"0.994506","0.005494",4
"0.338524","0.661476",5
"0.000952","0.999048",13
"0.999990","0.000010",6
"0.738563","0.261437",4
"0.810533","0.189467",4
"0.998296","0.001704",6
"1.000000","0.000000",5
"0.036011","0.963989",5
"0.668133","0.331867",7
"0.000002","0.999998",3
"0.999975","0.000025",4
"1.000000","0.000000",7
"0.000133","0.999867",12
"0.000040","0.999960",6
"1.000000","0.000000",8
"1.000000","0.000000",8
"0.225935","0.774065",24
"1.000000","0.000000",17
"0.864861","0.135139",24
"0.999881","0.000119",3
"0.980695","0.019305",8
"1.000000","0.000000",10
"0.996839","0.003161",6
"0.000000","1.000000",7
"0.998231","0.001769",9
"1.000000","0.000000",10
"0.999996","0.000004",7
"0.229205","0.770795",8
"0.990424","0.009576",22
"1.000000","0.000000",6
"0.195491","0.804509",8
"0.020979","0.979021",6
"0.998033","0.001967",9
"1.000000","0.000000",8
"1.000000","0.000000",5
"0.980781","0.019219",7
"0.998483","0.001516",5
"0.000542","0.999458",4
"1.000000","0.000000",5
"0.999976","0.000024",7
"0.171178","0.828822",8
"1.000000","0.000000",5
"0.999475","0.000525",26
"0.000000","1.000000",13
"0.999906","0.000094",3
"1.000000","0.000000",11
"0.045562","0.954438",6
"0.001256","0.998744",4
"1.000000","0.000000",5
"0.999999","0.000001",4
"0.999999","0.000001",6
"0.999982","0.000018",5
"0.000000","1.000000",7
"0.999769","0.000231",7
"0.999975","0.000025",4
"0.308904","0.691096",6
"0.219092","0.780908",4
"1.000000","0.000000",5
"1.000000","0.000000",8
"1.000000","0.000000",5
"0.995806","0.004194",5
